eventnum,trial,uniqueid,time,event
1,3,A10CQS8GH2W418:3ATTHHXXWB6XLREDH9LMR6LBWY1IXM,36496,fullscreenenter
2,4,A10CQS8GH2W418:3ATTHHXXWB6XLREDH9LMR6LBWY1IXM,41069,fullscreenexit
3,124,A10CQS8GH2W418:3ATTHHXXWB6XLREDH9LMR6LBWY1IXM,774753,blur
4,124,A10CQS8GH2W418:3ATTHHXXWB6XLREDH9LMR6LBWY1IXM,791923,focus
5,149,A10CQS8GH2W418:3ATTHHXXWB6XLREDH9LMR6LBWY1IXM,915527,blur
6,149,A10CQS8GH2W418:3ATTHHXXWB6XLREDH9LMR6LBWY1IXM,945068,focus
1,3,A10T81KGJV05UD:3WMOAN2SRCFXV3K9EAXW8TK73DZNVZ,35009,fullscreenenter
1,1,A114INA2S32A8L:32EYX73OY1RIXMN12R48LRNYQB1UR7,7632,blur
2,2,A114INA2S32A8L:32EYX73OY1RIXMN12R48LRNYQB1UR7,13898,focus
3,3,A114INA2S32A8L:32EYX73OY1RIXMN12R48LRNYQB1UR7,21484,fullscreenenter
4,46,A114INA2S32A8L:32EYX73OY1RIXMN12R48LRNYQB1UR7,317924,fullscreenexit
5,48,A114INA2S32A8L:32EYX73OY1RIXMN12R48LRNYQB1UR7,335050,blur
6,48,A114INA2S32A8L:32EYX73OY1RIXMN12R48LRNYQB1UR7,344463,focus
7,48,A114INA2S32A8L:32EYX73OY1RIXMN12R48LRNYQB1UR7,352587,blur
8,48,A114INA2S32A8L:32EYX73OY1RIXMN12R48LRNYQB1UR7,365641,focus
9,116,A114INA2S32A8L:32EYX73OY1RIXMN12R48LRNYQB1UR7,949504,blur
10,116,A114INA2S32A8L:32EYX73OY1RIXMN12R48LRNYQB1UR7,954241,focus
11,171,A114INA2S32A8L:32EYX73OY1RIXMN12R48LRNYQB1UR7,1345847,blur
12,171,A114INA2S32A8L:32EYX73OY1RIXMN12R48LRNYQB1UR7,1351249,focus
13,202,A114INA2S32A8L:32EYX73OY1RIXMN12R48LRNYQB1UR7,1529718,blur
14,202,A114INA2S32A8L:32EYX73OY1RIXMN12R48LRNYQB1UR7,1537306,focus
15,237,A114INA2S32A8L:32EYX73OY1RIXMN12R48LRNYQB1UR7,1756178,blur
16,237,A114INA2S32A8L:32EYX73OY1RIXMN12R48LRNYQB1UR7,1764625,focus
1,1,A11MCPY8W4U6FL:3TPWUS5F8AJRJONNFUTEEK99BIUWC7,9375,blur
2,3,A11MCPY8W4U6FL:3TPWUS5F8AJRJONNFUTEEK99BIUWC7,36748,focus
3,3,A11MCPY8W4U6FL:3TPWUS5F8AJRJONNFUTEEK99BIUWC7,36903,fullscreenenter
4,4,A11MCPY8W4U6FL:3TPWUS5F8AJRJONNFUTEEK99BIUWC7,46108,blur
5,4,A11MCPY8W4U6FL:3TPWUS5F8AJRJONNFUTEEK99BIUWC7,50192,focus
1,1,A124E03UMDZAA9:3WMINLGALCLUCBKKEPXMWVCIGCUAC0,8245,blur
2,3,A124E03UMDZAA9:3WMINLGALCLUCBKKEPXMWVCIGCUAC0,45686,focus
3,3,A124E03UMDZAA9:3WMINLGALCLUCBKKEPXMWVCIGCUAC0,46603,blur
4,3,A124E03UMDZAA9:3WMINLGALCLUCBKKEPXMWVCIGCUAC0,47610,focus
5,3,A124E03UMDZAA9:3WMINLGALCLUCBKKEPXMWVCIGCUAC0,47920,fullscreenenter
6,3,A124E03UMDZAA9:3WMINLGALCLUCBKKEPXMWVCIGCUAC0,48499,blur
7,4,A124E03UMDZAA9:3WMINLGALCLUCBKKEPXMWVCIGCUAC0,59996,focus
1,3,A12A5GVJX5RZC4:3X87C8JFV7T268GX07K810V54DZSQA,24528,fullscreenenter
1,3,A12ASB8854TT4:3KOPY89HM9KH04R5F2ZYWRB71F8J3B,18313,fullscreenexit
2,202,A12ASB8854TT4:3KOPY89HM9KH04R5F2ZYWRB71F8J3B,1060861,fullscreenexit
3,202,A12ASB8854TT4:3KOPY89HM9KH04R5F2ZYWRB71F8J3B,1063400,blur
4,202,A12ASB8854TT4:3KOPY89HM9KH04R5F2ZYWRB71F8J3B,1077697,focus
1,3,A14294HZGND1AZ:3P1L2B7AD27CHJ8R1LV309MA0UYOL0,75651,blur
2,3,A14294HZGND1AZ:3P1L2B7AD27CHJ8R1LV309MA0UYOL0,98809,focus
3,3,A14294HZGND1AZ:3P1L2B7AD27CHJ8R1LV309MA0UYOL0,103977,fullscreenenter
4,153,A14294HZGND1AZ:3P1L2B7AD27CHJ8R1LV309MA0UYOL0,747171,blur
5,153,A14294HZGND1AZ:3P1L2B7AD27CHJ8R1LV309MA0UYOL0,761009,focus
1,3,A15KQ2ZZ701NMK:3OVR4I9USQ1J4NEMA6OQ3XFZV3I4QI,32835,fullscreenenter
1,0,A16KCYWNI9AA80:3X87C8JFV7T268GX07K810V56Z2SQN,0,blur
2,0,A16KCYWNI9AA80:3X87C8JFV7T268GX07K810V56Z2SQN,0,focus
3,0,A16KCYWNI9AA80:3X87C8JFV7T268GX07K810V56Z2SQN,4062,blur
4,0,A16KCYWNI9AA80:3X87C8JFV7T268GX07K810V56Z2SQN,4408,focus
5,3,A16KCYWNI9AA80:3X87C8JFV7T268GX07K810V56Z2SQN,25018,fullscreenenter
1,0,A16VVUOYE2BK22:3H7XDTSHKD94003SHGPX4BUO91DWGQ,0,focus
2,3,A16VVUOYE2BK22:3H7XDTSHKD94003SHGPX4BUO91DWGQ,35090,fullscreenenter
3,4,A16VVUOYE2BK22:3H7XDTSHKD94003SHGPX4BUO91DWGQ,44587,fullscreenexit
4,4,A16VVUOYE2BK22:3H7XDTSHKD94003SHGPX4BUO91DWGQ,45161,blur
5,4,A16VVUOYE2BK22:3H7XDTSHKD94003SHGPX4BUO91DWGQ,54262,focus
6,4,A16VVUOYE2BK22:3H7XDTSHKD94003SHGPX4BUO91DWGQ,59139,blur
7,4,A16VVUOYE2BK22:3H7XDTSHKD94003SHGPX4BUO91DWGQ,60015,focus
1,3,A17PAE30BGBO1T:379J5II41PYQ5SV277S7VXSWYNWLEP,20643,fullscreenenter
1,3,A1848YLP5S6RN6:3P59JYT76M2MTPRRNWZXFNTOTW02TB,19606,fullscreenenter
2,101,A1848YLP5S6RN6:3P59JYT76M2MTPRRNWZXFNTOTW02TB,468479,fullscreenexit
3,101,A1848YLP5S6RN6:3P59JYT76M2MTPRRNWZXFNTOTW02TB,470204,blur
4,101,A1848YLP5S6RN6:3P59JYT76M2MTPRRNWZXFNTOTW02TB,487109,focus
5,101,A1848YLP5S6RN6:3P59JYT76M2MTPRRNWZXFNTOTW02TB,492153,blur
6,101,A1848YLP5S6RN6:3P59JYT76M2MTPRRNWZXFNTOTW02TB,493878,focus
7,101,A1848YLP5S6RN6:3P59JYT76M2MTPRRNWZXFNTOTW02TB,493879,blur
8,101,A1848YLP5S6RN6:3P59JYT76M2MTPRRNWZXFNTOTW02TB,493881,focus
1,3,A18QU0YQB6Q8DF:3PZDLQMM0U3578PG1A47QDTK5RNC2N,28100,fullscreenenter
2,127,A18QU0YQB6Q8DF:3PZDLQMM0U3578PG1A47QDTK5RNC2N,1413629,blur
3,127,A18QU0YQB6Q8DF:3PZDLQMM0U3578PG1A47QDTK5RNC2N,1413780,focus
4,127,A18QU0YQB6Q8DF:3PZDLQMM0U3578PG1A47QDTK5RNC2N,1415172,blur
5,127,A18QU0YQB6Q8DF:3PZDLQMM0U3578PG1A47QDTK5RNC2N,1472541,focus
6,178,A18QU0YQB6Q8DF:3PZDLQMM0U3578PG1A47QDTK5RNC2N,1876788,blur
7,178,A18QU0YQB6Q8DF:3PZDLQMM0U3578PG1A47QDTK5RNC2N,1897732,focus
8,229,A18QU0YQB6Q8DF:3PZDLQMM0U3578PG1A47QDTK5RNC2N,2502901,blur
9,229,A18QU0YQB6Q8DF:3PZDLQMM0U3578PG1A47QDTK5RNC2N,2505409,focus
1,3,A18XFOKU5G1OL1:3KJYX6QCMAT1CDTOZC54FM3QT25JVJ,23589,fullscreenenter
2,269,A18XFOKU5G1OL1:3KJYX6QCMAT1CDTOZC54FM3QT25JVJ,263160,blur
3,269,A18XFOKU5G1OL1:3KJYX6QCMAT1CDTOZC54FM3QT25JVJ,328974,focus
1,3,A199ECPSCLODO6:384PI804XTJEIFBYJ9QTMU4NVP60SP,22302,blur
2,3,A199ECPSCLODO6:384PI804XTJEIFBYJ9QTMU4NVP60SP,48299,focus
3,3,A199ECPSCLODO6:384PI804XTJEIFBYJ9QTMU4NVP60SP,49633,fullscreenenter
1,3,A19G8ONKY3FQNM:3TE3O85731Q9DAEZJ7U2F8S673D2RU,34217,fullscreenenter
1,0,A1A1FB3IFEHJ5W:326O153BMJG77G7AUQUJCKKRPNXDEM,0,blur
2,0,A1A1FB3IFEHJ5W:326O153BMJG77G7AUQUJCKKRPNXDEM,0,focus
3,3,A1A1FB3IFEHJ5W:326O153BMJG77G7AUQUJCKKRPNXDEM,25206,fullscreenenter
4,238,A1A1FB3IFEHJ5W:326O153BMJG77G7AUQUJCKKRPNXDEM,1116452,blur
5,239,A1A1FB3IFEHJ5W:326O153BMJG77G7AUQUJCKKRPNXDEM,1124725,focus
6,239,A1A1FB3IFEHJ5W:326O153BMJG77G7AUQUJCKKRPNXDEM,1129185,fullscreenexit
7,257,A1A1FB3IFEHJ5W:326O153BMJG77G7AUQUJCKKRPNXDEM,1594089,blur
8,257,A1A1FB3IFEHJ5W:326O153BMJG77G7AUQUJCKKRPNXDEM,1598121,focus
1,3,A1AA0WXXEHPM3V:3WEV0KO0ONA8HZCSVLEO11O6O5ASDM,27321,fullscreenenter
1,3,A1B5KIQ8JLR2F7:3IHR8NYAM8JY4BD7AT913SPPNBMP47,20092,fullscreenenter
1,3,A1B9H14AV44C0G:3BEFOD78W7BSJ8GUIDH9MOVUL33M4X,30785,fullscreenenter
1,3,A1BSL1VC7PQR04:3ZY8KE4ISKLIY0X1U2PDCNFC8OMVQU,34838,fullscreenenter
2,58,A1BSL1VC7PQR04:3ZY8KE4ISKLIY0X1U2PDCNFC8OMVQU,273513,fullscreenexit
3,60,A1BSL1VC7PQR04:3ZY8KE4ISKLIY0X1U2PDCNFC8OMVQU,285536,blur
4,60,A1BSL1VC7PQR04:3ZY8KE4ISKLIY0X1U2PDCNFC8OMVQU,285593,focus
1,3,A1C7UV2UT2S9T7:3FQ5JJ512M6JFSQXF6JP6K9QN5BNKC,25220,fullscreenenter
1,3,A1EP1BT7SH6S1C:34Z02EIMITVFXFOD89VJWZ09WOQT08,23105,fullscreenenter
2,10,A1EP1BT7SH6S1C:34Z02EIMITVFXFOD89VJWZ09WOQT08,67344,blur
3,10,A1EP1BT7SH6S1C:34Z02EIMITVFXFOD89VJWZ09WOQT08,73315,focus
4,114,A1EP1BT7SH6S1C:34Z02EIMITVFXFOD89VJWZ09WOQT08,461147,blur
5,114,A1EP1BT7SH6S1C:34Z02EIMITVFXFOD89VJWZ09WOQT08,531467,focus
6,114,A1EP1BT7SH6S1C:34Z02EIMITVFXFOD89VJWZ09WOQT08,532416,blur
7,114,A1EP1BT7SH6S1C:34Z02EIMITVFXFOD89VJWZ09WOQT08,533964,focus
8,154,A1EP1BT7SH6S1C:34Z02EIMITVFXFOD89VJWZ09WOQT08,670464,blur
9,154,A1EP1BT7SH6S1C:34Z02EIMITVFXFOD89VJWZ09WOQT08,672974,focus
10,165,A1EP1BT7SH6S1C:34Z02EIMITVFXFOD89VJWZ09WOQT08,713474,blur
11,165,A1EP1BT7SH6S1C:34Z02EIMITVFXFOD89VJWZ09WOQT08,739043,focus
12,165,A1EP1BT7SH6S1C:34Z02EIMITVFXFOD89VJWZ09WOQT08,743941,blur
13,165,A1EP1BT7SH6S1C:34Z02EIMITVFXFOD89VJWZ09WOQT08,754803,focus
14,216,A1EP1BT7SH6S1C:34Z02EIMITVFXFOD89VJWZ09WOQT08,932537,blur
15,216,A1EP1BT7SH6S1C:34Z02EIMITVFXFOD89VJWZ09WOQT08,961803,focus
1,3,A1FTTOECAA04JO:3DY4FPOOA26IA1C17HEDHDPH4AOVRV,19062,fullscreenenter
2,296,A1FTTOECAA04JO:3DY4FPOOA26IA1C17HEDHDPH4AOVRV,947728,blur
3,296,A1FTTOECAA04JO:3DY4FPOOA26IA1C17HEDHDPH4AOVRV,947728,focus
1,3,A1HCAHVUX8W26M:3T3IWE1XG753L8TCP7PYB5RRBCJTQ7,21265,fullscreenenter
1,3,A1JDVHXCOUWSTK:36U2A8VAG2HDRRUBM8S0N07XO7TKYA,33865,fullscreenenter
1,0,A1KTPYX40PRLVW:3X0H8UUIT267Q5CJCGJETPDRSEUSWS,0,focus
2,3,A1KTPYX40PRLVW:3X0H8UUIT267Q5CJCGJETPDRSEUSWS,22021,blur
3,3,A1KTPYX40PRLVW:3X0H8UUIT267Q5CJCGJETPDRSEUSWS,38549,focus
4,3,A1KTPYX40PRLVW:3X0H8UUIT267Q5CJCGJETPDRSEUSWS,40457,blur
5,3,A1KTPYX40PRLVW:3X0H8UUIT267Q5CJCGJETPDRSEUSWS,41171,focus
6,3,A1KTPYX40PRLVW:3X0H8UUIT267Q5CJCGJETPDRSEUSWS,45375,fullscreenenter
7,4,A1KTPYX40PRLVW:3X0H8UUIT267Q5CJCGJETPDRSEUSWS,47740,blur
8,4,A1KTPYX40PRLVW:3X0H8UUIT267Q5CJCGJETPDRSEUSWS,48036,focus
1,3,A1L5EE6Z5G4938:36H9ULYP63CCGG7YZX00X0046Z7JF4,20762,fullscreenenter
1,0,A1LB9JOMFQ1UMG:3IUZPWIU1PP92MZB77AC23MHGR2KW7,1599,blur
2,3,A1LB9JOMFQ1UMG:3IUZPWIU1PP92MZB77AC23MHGR2KW7,47552,focus
3,3,A1LB9JOMFQ1UMG:3IUZPWIU1PP92MZB77AC23MHGR2KW7,49142,fullscreenenter
4,4,A1LB9JOMFQ1UMG:3IUZPWIU1PP92MZB77AC23MHGR2KW7,50237,fullscreenexit
5,11,A1LB9JOMFQ1UMG:3IUZPWIU1PP92MZB77AC23MHGR2KW7,64397,blur
6,11,A1LB9JOMFQ1UMG:3IUZPWIU1PP92MZB77AC23MHGR2KW7,67728,focus
7,47,A1LB9JOMFQ1UMG:3IUZPWIU1PP92MZB77AC23MHGR2KW7,169838,blur
8,47,A1LB9JOMFQ1UMG:3IUZPWIU1PP92MZB77AC23MHGR2KW7,171625,focus
9,99,A1LB9JOMFQ1UMG:3IUZPWIU1PP92MZB77AC23MHGR2KW7,277906,blur
10,99,A1LB9JOMFQ1UMG:3IUZPWIU1PP92MZB77AC23MHGR2KW7,295915,focus
11,117,A1LB9JOMFQ1UMG:3IUZPWIU1PP92MZB77AC23MHGR2KW7,335422,blur
12,117,A1LB9JOMFQ1UMG:3IUZPWIU1PP92MZB77AC23MHGR2KW7,338062,focus
13,128,A1LB9JOMFQ1UMG:3IUZPWIU1PP92MZB77AC23MHGR2KW7,361756,blur
14,128,A1LB9JOMFQ1UMG:3IUZPWIU1PP92MZB77AC23MHGR2KW7,363992,focus
15,131,A1LB9JOMFQ1UMG:3IUZPWIU1PP92MZB77AC23MHGR2KW7,370776,blur
16,131,A1LB9JOMFQ1UMG:3IUZPWIU1PP92MZB77AC23MHGR2KW7,371697,focus
17,150,A1LB9JOMFQ1UMG:3IUZPWIU1PP92MZB77AC23MHGR2KW7,421541,blur
18,150,A1LB9JOMFQ1UMG:3IUZPWIU1PP92MZB77AC23MHGR2KW7,588116,focus
19,253,A1LB9JOMFQ1UMG:3IUZPWIU1PP92MZB77AC23MHGR2KW7,826650,blur
20,253,A1LB9JOMFQ1UMG:3IUZPWIU1PP92MZB77AC23MHGR2KW7,1331095,focus
1,0,A1NMCSVPHOTPYG:3P1L2B7AD27CHJ8R1LV309MA209LOM,2162,blur
2,1,A1NMCSVPHOTPYG:3P1L2B7AD27CHJ8R1LV309MA209LOM,8162,focus
3,3,A1NMCSVPHOTPYG:3P1L2B7AD27CHJ8R1LV309MA209LOM,28971,fullscreenenter
4,19,A1NMCSVPHOTPYG:3P1L2B7AD27CHJ8R1LV309MA209LOM,134692,blur
5,19,A1NMCSVPHOTPYG:3P1L2B7AD27CHJ8R1LV309MA209LOM,153137,focus
6,51,A1NMCSVPHOTPYG:3P1L2B7AD27CHJ8R1LV309MA209LOM,321668,blur
7,51,A1NMCSVPHOTPYG:3P1L2B7AD27CHJ8R1LV309MA209LOM,331301,focus
8,103,A1NMCSVPHOTPYG:3P1L2B7AD27CHJ8R1LV309MA209LOM,660856,blur
9,103,A1NMCSVPHOTPYG:3P1L2B7AD27CHJ8R1LV309MA209LOM,918215,focus
1,3,A1P0XSCJ9XAV74:37U1UTWH9W4KZPGOZO33PZ59SLY8RV,19635,fullscreenenter
1,3,A1PKCBFB4QY19G:3UXUOQ9OKFFO0UPON8PBG9K4INNA72,18162,fullscreenexit
1,3,A1PP6DN7HB6Q9P:3MAOD8E57RSPZSP4EPYEWEHSGQUXN0,25240,fullscreenenter
1,3,A1PPGTZ7U838XJ:30ZX6P7VF9DSFMVMB2LTDH6FUA72JZ,32876,fullscreenenter
1,3,A1REBBLJU3AZV0:3TE3O85731Q9DAEZJ7U2F8S65T2R2M,20214,fullscreenenter
1,3,A1RVMADIZE3BXK:33CKWXB73K2EVKXM29F94Y0O8KR115,33983,fullscreenenter
1,3,A1UJ5P13WJV91O:31T4R4OBOTYCT9MM7ML2M4ASGX87CD,18142,fullscreenenter
1,3,A1V9G7V6ZYACIR:33JKGHPFYDCE5GQ00IW5LX1UBV1MNG,19284,fullscreenenter
2,11,A1V9G7V6ZYACIR:33JKGHPFYDCE5GQ00IW5LX1UBV1MNG,72666,fullscreenexit
3,11,A1V9G7V6ZYACIR:33JKGHPFYDCE5GQ00IW5LX1UBV1MNG,74204,blur
4,11,A1V9G7V6ZYACIR:33JKGHPFYDCE5GQ00IW5LX1UBV1MNG,151937,focus
5,20,A1V9G7V6ZYACIR:33JKGHPFYDCE5GQ00IW5LX1UBV1MNG,278169,blur
6,20,A1V9G7V6ZYACIR:33JKGHPFYDCE5GQ00IW5LX1UBV1MNG,283379,focus
7,45,A1V9G7V6ZYACIR:33JKGHPFYDCE5GQ00IW5LX1UBV1MNG,574890,blur
8,45,A1V9G7V6ZYACIR:33JKGHPFYDCE5GQ00IW5LX1UBV1MNG,578834,focus
9,47,A1V9G7V6ZYACIR:33JKGHPFYDCE5GQ00IW5LX1UBV1MNG,589353,blur
10,47,A1V9G7V6ZYACIR:33JKGHPFYDCE5GQ00IW5LX1UBV1MNG,614775,focus
11,99,A1V9G7V6ZYACIR:33JKGHPFYDCE5GQ00IW5LX1UBV1MNG,797000,blur
12,99,A1V9G7V6ZYACIR:33JKGHPFYDCE5GQ00IW5LX1UBV1MNG,839934,focus
13,99,A1V9G7V6ZYACIR:33JKGHPFYDCE5GQ00IW5LX1UBV1MNG,843089,blur
14,99,A1V9G7V6ZYACIR:33JKGHPFYDCE5GQ00IW5LX1UBV1MNG,863257,focus
15,150,A1V9G7V6ZYACIR:33JKGHPFYDCE5GQ00IW5LX1UBV1MNG,1031700,blur
16,150,A1V9G7V6ZYACIR:33JKGHPFYDCE5GQ00IW5LX1UBV1MNG,1162135,focus
17,201,A1V9G7V6ZYACIR:33JKGHPFYDCE5GQ00IW5LX1UBV1MNG,1289014,blur
18,201,A1V9G7V6ZYACIR:33JKGHPFYDCE5GQ00IW5LX1UBV1MNG,1716269,focus
19,201,A1V9G7V6ZYACIR:33JKGHPFYDCE5GQ00IW5LX1UBV1MNG,1716974,blur
20,201,A1V9G7V6ZYACIR:33JKGHPFYDCE5GQ00IW5LX1UBV1MNG,1801370,focus
21,266,A1V9G7V6ZYACIR:33JKGHPFYDCE5GQ00IW5LX1UBV1MNG,1989350,blur
22,266,A1V9G7V6ZYACIR:33JKGHPFYDCE5GQ00IW5LX1UBV1MNG,2007885,focus
23,270,A1V9G7V6ZYACIR:33JKGHPFYDCE5GQ00IW5LX1UBV1MNG,2023012,blur
24,270,A1V9G7V6ZYACIR:33JKGHPFYDCE5GQ00IW5LX1UBV1MNG,2024379,focus
25,270,A1V9G7V6ZYACIR:33JKGHPFYDCE5GQ00IW5LX1UBV1MNG,2025364,blur
26,270,A1V9G7V6ZYACIR:33JKGHPFYDCE5GQ00IW5LX1UBV1MNG,2040942,focus
27,270,A1V9G7V6ZYACIR:33JKGHPFYDCE5GQ00IW5LX1UBV1MNG,2041633,blur
28,270,A1V9G7V6ZYACIR:33JKGHPFYDCE5GQ00IW5LX1UBV1MNG,2068242,focus
1,3,A1VI3SOIHT6Y0D:3AUQQEL7U6BUA7S2D4VYXHOUVVYV0S,24356,fullscreenenter
1,3,A1WISFBL3J5Z12:3ATTHHXXWB6XLREDH9LMR6LBX0NXIS,29995,fullscreenenter
1,3,A1ZE0MLGKWQLM8:3TAYZSBPLMQLEPECYWU75IX2TEM2SQ,36704,fullscreenenter
1,3,A1ZHKX7IKC9I9I:3FTF2T8WLS0PLQGK3AJNCU813EH9WP,22810,fullscreenenter
2,153,A1ZHKX7IKC9I9I:3FTF2T8WLS0PLQGK3AJNCU813EH9WP,418722,fullscreenexit
3,153,A1ZHKX7IKC9I9I:3FTF2T8WLS0PLQGK3AJNCU813EH9WP,420037,blur
4,153,A1ZHKX7IKC9I9I:3FTF2T8WLS0PLQGK3AJNCU813EH9WP,436646,focus
5,204,A1ZHKX7IKC9I9I:3FTF2T8WLS0PLQGK3AJNCU813EH9WP,570413,blur
6,204,A1ZHKX7IKC9I9I:3FTF2T8WLS0PLQGK3AJNCU813EH9WP,580439,focus
1,3,A20SL254675EOK:30LB5CDZNDSBJRXCE1K1IN1QG6IZ07,20240,fullscreenenter
1,3,A20YGFCRNDTD6:3LS2AMNW5G8N8GO4TQ3ZHVL4CVUOQQ,29853,fullscreenenter
1,3,A232ZH9BEBC7RG:3V0Z7YWSIZI16HVGSRZCG5H9SST2VS,31671,fullscreenenter
1,0,A23PSX2ZO4F65Q:3E13VNJ1NODPVQTKAG0FWXHASJX1IP,1452,blur
2,3,A23PSX2ZO4F65Q:3E13VNJ1NODPVQTKAG0FWXHASJX1IP,21588,focus
3,3,A23PSX2ZO4F65Q:3E13VNJ1NODPVQTKAG0FWXHASJX1IP,21774,fullscreenenter
1,3,A247LQ2UQW4LH0:3OF2M9AATH6DWH4GIUUJ17GZX47ZKZ,32666,fullscreenenter
2,6,A247LQ2UQW4LH0:3OF2M9AATH6DWH4GIUUJ17GZX47ZKZ,54827,fullscreenexit
1,3,A25KM3PUOUZFN1:3OVHNO1VE7J5IBY6QD8WXUL9BJ9DZ9,26553,fullscreenenter
1,3,A27CB6JIC5MZFR:3KGTPGBS6Y31T26GN1P7KJFQEASU2H,26148,fullscreenenter
1,3,A286H1M66CL5ZI:37UQDCYH6YD8SISMY3G7CWYH3ODV7V,22707,fullscreenenter
1,3,A28Z4EOSSQAZM2:34V1S5K3GTJRRB1ECS6JE09OHVG69H,28427,fullscreenenter
1,3,A29V2XPA9H2NAN:3DIP6YHAPDAVQLBJDIJ3QS6QCCSE83,18788,fullscreenenter
1,3,A2AAFWAAS9C1QC:3GU1KF0O4JJIPAYGP8JOB6VV0RKPB9,20814,fullscreenenter
1,3,A2CF2BD4Q0ZDJN:3L4PIM1GQUYZEV76CS1XOCTBK6KYRT,106525,blur
2,3,A2CF2BD4Q0ZDJN:3L4PIM1GQUYZEV76CS1XOCTBK6KYRT,140332,focus
3,3,A2CF2BD4Q0ZDJN:3L4PIM1GQUYZEV76CS1XOCTBK6KYRT,141364,fullscreenenter
4,15,A2CF2BD4Q0ZDJN:3L4PIM1GQUYZEV76CS1XOCTBK6KYRT,310262,blur
5,15,A2CF2BD4Q0ZDJN:3L4PIM1GQUYZEV76CS1XOCTBK6KYRT,328641,focus
6,49,A2CF2BD4Q0ZDJN:3L4PIM1GQUYZEV76CS1XOCTBK6KYRT,654715,blur
7,49,A2CF2BD4Q0ZDJN:3L4PIM1GQUYZEV76CS1XOCTBK6KYRT,671516,focus
8,50,A2CF2BD4Q0ZDJN:3L4PIM1GQUYZEV76CS1XOCTBK6KYRT,683499,blur
9,50,A2CF2BD4Q0ZDJN:3L4PIM1GQUYZEV76CS1XOCTBK6KYRT,724597,focus
10,101,A2CF2BD4Q0ZDJN:3L4PIM1GQUYZEV76CS1XOCTBK6KYRT,1058048,blur
11,101,A2CF2BD4Q0ZDJN:3L4PIM1GQUYZEV76CS1XOCTBK6KYRT,1100809,focus
12,101,A2CF2BD4Q0ZDJN:3L4PIM1GQUYZEV76CS1XOCTBK6KYRT,1104002,blur
13,101,A2CF2BD4Q0ZDJN:3L4PIM1GQUYZEV76CS1XOCTBK6KYRT,1121646,focus
14,152,A2CF2BD4Q0ZDJN:3L4PIM1GQUYZEV76CS1XOCTBK6KYRT,1382191,blur
15,152,A2CF2BD4Q0ZDJN:3L4PIM1GQUYZEV76CS1XOCTBK6KYRT,1453087,focus
16,203,A2CF2BD4Q0ZDJN:3L4PIM1GQUYZEV76CS1XOCTBK6KYRT,1663834,blur
17,203,A2CF2BD4Q0ZDJN:3L4PIM1GQUYZEV76CS1XOCTBK6KYRT,1762513,focus
18,203,A2CF2BD4Q0ZDJN:3L4PIM1GQUYZEV76CS1XOCTBK6KYRT,1763708,blur
19,203,A2CF2BD4Q0ZDJN:3L4PIM1GQUYZEV76CS1XOCTBK6KYRT,1783788,focus
1,3,A2EW08X2I87RXL:3LS2AMNW5G8N8GO4TQ3ZHVL4CVXQOV,26790,fullscreenenter
1,3,A2EW8H9R0T06M4:3K4J6M3CXFB7TN0PGBT5MMXXHR9AGA,22827,fullscreenenter
1,3,A2FE0I7W269C1C:3ZSANO2JCGP5FJQOMR9EP1RR282FSE,50571,fullscreenenter
1,3,A2INXY39KBM92F:3WT783CTPCZZVLPCK3XIR6WO1H5BCZ,17974,fullscreenenter
2,100,A2INXY39KBM92F:3WT783CTPCZZVLPCK3XIR6WO1H5BCZ,323869,blur
3,100,A2INXY39KBM92F:3WT783CTPCZZVLPCK3XIR6WO1H5BCZ,332529,focus
1,3,A2JPGLBWQ1X49G:3YGXWBAF71ZFAM435ONVJSQIOT84CB,34630,fullscreenenter
1,3,A2KTQ9M7CW05XF:3ND9UOO81LKKMSHTS7MDH3ZW5R2WLH,21767,fullscreenenter
2,55,A2KTQ9M7CW05XF:3ND9UOO81LKKMSHTS7MDH3ZW5R2WLH,420354,fullscreenexit
3,55,A2KTQ9M7CW05XF:3ND9UOO81LKKMSHTS7MDH3ZW5R2WLH,421688,blur
4,55,A2KTQ9M7CW05XF:3ND9UOO81LKKMSHTS7MDH3ZW5R2WLH,497664,focus
5,81,A2KTQ9M7CW05XF:3ND9UOO81LKKMSHTS7MDH3ZW5R2WLH,950959,blur
6,81,A2KTQ9M7CW05XF:3ND9UOO81LKKMSHTS7MDH3ZW5R2WLH,953126,focus
7,81,A2KTQ9M7CW05XF:3ND9UOO81LKKMSHTS7MDH3ZW5R2WLH,957769,blur
8,81,A2KTQ9M7CW05XF:3ND9UOO81LKKMSHTS7MDH3ZW5R2WLH,979497,focus
9,82,A2KTQ9M7CW05XF:3ND9UOO81LKKMSHTS7MDH3ZW5R2WLH,983904,blur
10,82,A2KTQ9M7CW05XF:3ND9UOO81LKKMSHTS7MDH3ZW5R2WLH,986674,focus
11,82,A2KTQ9M7CW05XF:3ND9UOO81LKKMSHTS7MDH3ZW5R2WLH,987441,blur
12,82,A2KTQ9M7CW05XF:3ND9UOO81LKKMSHTS7MDH3ZW5R2WLH,994900,focus
13,168,A2KTQ9M7CW05XF:3ND9UOO81LKKMSHTS7MDH3ZW5R2WLH,1331299,blur
14,168,A2KTQ9M7CW05XF:3ND9UOO81LKKMSHTS7MDH3ZW5R2WLH,1349034,focus
15,180,A2KTQ9M7CW05XF:3ND9UOO81LKKMSHTS7MDH3ZW5R2WLH,1695843,blur
16,180,A2KTQ9M7CW05XF:3ND9UOO81LKKMSHTS7MDH3ZW5R2WLH,1699788,focus
17,241,A2KTQ9M7CW05XF:3ND9UOO81LKKMSHTS7MDH3ZW5R2WLH,1947789,blur
18,241,A2KTQ9M7CW05XF:3ND9UOO81LKKMSHTS7MDH3ZW5R2WLH,2018868,focus
19,244,A2KTQ9M7CW05XF:3ND9UOO81LKKMSHTS7MDH3ZW5R2WLH,2057125,blur
20,244,A2KTQ9M7CW05XF:3ND9UOO81LKKMSHTS7MDH3ZW5R2WLH,2313743,focus
21,249,A2KTQ9M7CW05XF:3ND9UOO81LKKMSHTS7MDH3ZW5R2WLH,2337900,blur
22,249,A2KTQ9M7CW05XF:3ND9UOO81LKKMSHTS7MDH3ZW5R2WLH,2339694,focus
23,249,A2KTQ9M7CW05XF:3ND9UOO81LKKMSHTS7MDH3ZW5R2WLH,2340377,blur
24,249,A2KTQ9M7CW05XF:3ND9UOO81LKKMSHTS7MDH3ZW5R2WLH,2453515,focus
25,250,A2KTQ9M7CW05XF:3ND9UOO81LKKMSHTS7MDH3ZW5R2WLH,2462087,blur
26,250,A2KTQ9M7CW05XF:3ND9UOO81LKKMSHTS7MDH3ZW5R2WLH,2492013,focus
27,251,A2KTQ9M7CW05XF:3ND9UOO81LKKMSHTS7MDH3ZW5R2WLH,2503315,blur
28,251,A2KTQ9M7CW05XF:3ND9UOO81LKKMSHTS7MDH3ZW5R2WLH,2518168,focus
1,3,A2L5I3PPIZUMO5:323Q6SJS8JYGPAC8BXXFLNKPT7ZFHR,22661,fullscreenenter
1,3,A2LLFJURME73XE:31UV0MXWNRUOJ8U3B32RZNUR1ZT5IZ,32869,fullscreenenter
2,34,A2LLFJURME73XE:31UV0MXWNRUOJ8U3B32RZNUR1ZT5IZ,139714,blur
3,34,A2LLFJURME73XE:31UV0MXWNRUOJ8U3B32RZNUR1ZT5IZ,210933,focus
4,75,A2LLFJURME73XE:31UV0MXWNRUOJ8U3B32RZNUR1ZT5IZ,476970,blur
5,75,A2LLFJURME73XE:31UV0MXWNRUOJ8U3B32RZNUR1ZT5IZ,495035,focus
6,76,A2LLFJURME73XE:31UV0MXWNRUOJ8U3B32RZNUR1ZT5IZ,502497,blur
7,76,A2LLFJURME73XE:31UV0MXWNRUOJ8U3B32RZNUR1ZT5IZ,504196,focus
8,77,A2LLFJURME73XE:31UV0MXWNRUOJ8U3B32RZNUR1ZT5IZ,510468,blur
9,77,A2LLFJURME73XE:31UV0MXWNRUOJ8U3B32RZNUR1ZT5IZ,515359,focus
10,78,A2LLFJURME73XE:31UV0MXWNRUOJ8U3B32RZNUR1ZT5IZ,521215,blur
11,78,A2LLFJURME73XE:31UV0MXWNRUOJ8U3B32RZNUR1ZT5IZ,522780,focus
12,82,A2LLFJURME73XE:31UV0MXWNRUOJ8U3B32RZNUR1ZT5IZ,547064,blur
13,82,A2LLFJURME73XE:31UV0MXWNRUOJ8U3B32RZNUR1ZT5IZ,575306,focus
14,85,A2LLFJURME73XE:31UV0MXWNRUOJ8U3B32RZNUR1ZT5IZ,596516,blur
15,85,A2LLFJURME73XE:31UV0MXWNRUOJ8U3B32RZNUR1ZT5IZ,617641,focus
16,107,A2LLFJURME73XE:31UV0MXWNRUOJ8U3B32RZNUR1ZT5IZ,740901,blur
17,107,A2LLFJURME73XE:31UV0MXWNRUOJ8U3B32RZNUR1ZT5IZ,790410,focus
18,117,A2LLFJURME73XE:31UV0MXWNRUOJ8U3B32RZNUR1ZT5IZ,841187,blur
19,117,A2LLFJURME73XE:31UV0MXWNRUOJ8U3B32RZNUR1ZT5IZ,863452,focus
20,128,A2LLFJURME73XE:31UV0MXWNRUOJ8U3B32RZNUR1ZT5IZ,944563,blur
21,128,A2LLFJURME73XE:31UV0MXWNRUOJ8U3B32RZNUR1ZT5IZ,1013794,focus
22,129,A2LLFJURME73XE:31UV0MXWNRUOJ8U3B32RZNUR1ZT5IZ,1020473,blur
23,129,A2LLFJURME73XE:31UV0MXWNRUOJ8U3B32RZNUR1ZT5IZ,1020478,focus
24,129,A2LLFJURME73XE:31UV0MXWNRUOJ8U3B32RZNUR1ZT5IZ,1020532,blur
25,129,A2LLFJURME73XE:31UV0MXWNRUOJ8U3B32RZNUR1ZT5IZ,1020829,focus
26,129,A2LLFJURME73XE:31UV0MXWNRUOJ8U3B32RZNUR1ZT5IZ,1022165,blur
27,129,A2LLFJURME73XE:31UV0MXWNRUOJ8U3B32RZNUR1ZT5IZ,1023151,focus
28,130,A2LLFJURME73XE:31UV0MXWNRUOJ8U3B32RZNUR1ZT5IZ,1030388,blur
29,130,A2LLFJURME73XE:31UV0MXWNRUOJ8U3B32RZNUR1ZT5IZ,1038136,focus
1,3,A2LW2GSGDM72NX:3WRFBPLXRB6DJUIQU0RQPYSOAAE3NM,22775,fullscreenenter
1,3,A2MPKNJCR0RUBA:3DIP6YHAPDAVQLBJDIJ3QS6QDW8E8O,40255,fullscreenenter
1,3,A2MYJ7ZXXVRLLN:3YMTUJH0DTYWW36ERAIL82QMDFH4T4,79043,fullscreenenter
2,37,A2MYJ7ZXXVRLLN:3YMTUJH0DTYWW36ERAIL82QMDFH4T4,207435,fullscreenexit
3,48,A2MYJ7ZXXVRLLN:3YMTUJH0DTYWW36ERAIL82QMDFH4T4,262495,blur
4,48,A2MYJ7ZXXVRLLN:3YMTUJH0DTYWW36ERAIL82QMDFH4T4,311864,focus
5,48,A2MYJ7ZXXVRLLN:3YMTUJH0DTYWW36ERAIL82QMDFH4T4,392623,blur
6,48,A2MYJ7ZXXVRLLN:3YMTUJH0DTYWW36ERAIL82QMDFH4T4,408279,focus
7,131,A2MYJ7ZXXVRLLN:3YMTUJH0DTYWW36ERAIL82QMDFH4T4,805772,blur
8,131,A2MYJ7ZXXVRLLN:3YMTUJH0DTYWW36ERAIL82QMDFH4T4,809618,focus
9,152,A2MYJ7ZXXVRLLN:3YMTUJH0DTYWW36ERAIL82QMDFH4T4,911503,blur
10,152,A2MYJ7ZXXVRLLN:3YMTUJH0DTYWW36ERAIL82QMDFH4T4,1778198,focus
11,204,A2MYJ7ZXXVRLLN:3YMTUJH0DTYWW36ERAIL82QMDFH4T4,2060801,blur
12,204,A2MYJ7ZXXVRLLN:3YMTUJH0DTYWW36ERAIL82QMDFH4T4,2109825,focus
1,0,A2N8FYNKM133KF:3HUTX6F6VV56GXMJRFDYLDN1WPCO28,0,blur
2,0,A2N8FYNKM133KF:3HUTX6F6VV56GXMJRFDYLDN1WPCO28,1390,focus
3,3,A2N8FYNKM133KF:3HUTX6F6VV56GXMJRFDYLDN1WPCO28,19776,fullscreenenter
1,0,A2NGR3EJSTERMD:33LK57MYLUNBK0HON33LST79CMJZSP,0,blur
2,2,A2NGR3EJSTERMD:33LK57MYLUNBK0HON33LST79CMJZSP,17193,focus
3,3,A2NGR3EJSTERMD:33LK57MYLUNBK0HON33LST79CMJZSP,24457,fullscreenenter
1,3,A2NITHCE81FACY:3IXEICO7931ABQASAYB050A092T6TP,28759,fullscreenenter
1,3,A2NWE1P2HMDELQ:3HSYG7LRBKGI7M5UITR9ESSMOD9KK8,21638,fullscreenenter
1,3,A2OFRJHPNIMPI7:3KWTYT0871LQ9929W6Z4R3MJL345LX,29480,fullscreenenter
2,155,A2OFRJHPNIMPI7:3KWTYT0871LQ9929W6Z4R3MJL345LX,1311059,fullscreenexit
3,155,A2OFRJHPNIMPI7:3KWTYT0871LQ9929W6Z4R3MJL345LX,1323825,blur
4,155,A2OFRJHPNIMPI7:3KWTYT0871LQ9929W6Z4R3MJL345LX,1384419,focus
5,169,A2OFRJHPNIMPI7:3KWTYT0871LQ9929W6Z4R3MJL345LX,1469749,blur
6,169,A2OFRJHPNIMPI7:3KWTYT0871LQ9929W6Z4R3MJL345LX,1473523,focus
7,207,A2OFRJHPNIMPI7:3KWTYT0871LQ9929W6Z4R3MJL345LX,1730836,blur
8,207,A2OFRJHPNIMPI7:3KWTYT0871LQ9929W6Z4R3MJL345LX,1744420,focus
9,211,A2OFRJHPNIMPI7:3KWTYT0871LQ9929W6Z4R3MJL345LX,1767109,blur
10,211,A2OFRJHPNIMPI7:3KWTYT0871LQ9929W6Z4R3MJL345LX,1777161,focus
11,228,A2OFRJHPNIMPI7:3KWTYT0871LQ9929W6Z4R3MJL345LX,1885408,blur
12,228,A2OFRJHPNIMPI7:3KWTYT0871LQ9929W6Z4R3MJL345LX,1900108,focus
1,3,A2QEFWKYSMYOJT:39DD6S19JQTAAHC6M8JG3C3UDWCEZ9,21818,fullscreenexit
1,1,A2QITGKAUEPD56:38F71OA9GUE2HODJ2UDSDSSLASTMF0,6992,blur
2,3,A2QITGKAUEPD56:38F71OA9GUE2HODJ2UDSDSSLASTMF0,17175,focus
3,3,A2QITGKAUEPD56:38F71OA9GUE2HODJ2UDSDSSLASTMF0,18539,fullscreenenter
4,4,A2QITGKAUEPD56:38F71OA9GUE2HODJ2UDSDSSLASTMF0,25249,fullscreenexit
5,68,A2QITGKAUEPD56:38F71OA9GUE2HODJ2UDSDSSLASTMF0,290938,blur
6,68,A2QITGKAUEPD56:38F71OA9GUE2HODJ2UDSDSSLASTMF0,300794,focus
7,69,A2QITGKAUEPD56:38F71OA9GUE2HODJ2UDSDSSLASTMF0,303047,blur
8,69,A2QITGKAUEPD56:38F71OA9GUE2HODJ2UDSDSSLASTMF0,332346,focus
9,70,A2QITGKAUEPD56:38F71OA9GUE2HODJ2UDSDSSLASTMF0,343040,blur
10,70,A2QITGKAUEPD56:38F71OA9GUE2HODJ2UDSDSSLASTMF0,396300,focus
11,71,A2QITGKAUEPD56:38F71OA9GUE2HODJ2UDSDSSLASTMF0,404479,blur
12,71,A2QITGKAUEPD56:38F71OA9GUE2HODJ2UDSDSSLASTMF0,430298,focus
13,72,A2QITGKAUEPD56:38F71OA9GUE2HODJ2UDSDSSLASTMF0,432661,blur
14,72,A2QITGKAUEPD56:38F71OA9GUE2HODJ2UDSDSSLASTMF0,442827,focus
15,72,A2QITGKAUEPD56:38F71OA9GUE2HODJ2UDSDSSLASTMF0,447375,blur
16,72,A2QITGKAUEPD56:38F71OA9GUE2HODJ2UDSDSSLASTMF0,451444,focus
17,73,A2QITGKAUEPD56:38F71OA9GUE2HODJ2UDSDSSLASTMF0,455623,blur
18,73,A2QITGKAUEPD56:38F71OA9GUE2HODJ2UDSDSSLASTMF0,467292,focus
19,74,A2QITGKAUEPD56:38F71OA9GUE2HODJ2UDSDSSLASTMF0,474263,blur
20,74,A2QITGKAUEPD56:38F71OA9GUE2HODJ2UDSDSSLASTMF0,488021,focus
21,75,A2QITGKAUEPD56:38F71OA9GUE2HODJ2UDSDSSLASTMF0,490830,blur
22,75,A2QITGKAUEPD56:38F71OA9GUE2HODJ2UDSDSSLASTMF0,497515,focus
23,80,A2QITGKAUEPD56:38F71OA9GUE2HODJ2UDSDSSLASTMF0,517716,blur
24,80,A2QITGKAUEPD56:38F71OA9GUE2HODJ2UDSDSSLASTMF0,521581,focus
25,80,A2QITGKAUEPD56:38F71OA9GUE2HODJ2UDSDSSLASTMF0,532984,blur
26,80,A2QITGKAUEPD56:38F71OA9GUE2HODJ2UDSDSSLASTMF0,538565,focus
27,81,A2QITGKAUEPD56:38F71OA9GUE2HODJ2UDSDSSLASTMF0,541387,blur
28,81,A2QITGKAUEPD56:38F71OA9GUE2HODJ2UDSDSSLASTMF0,576441,focus
29,104,A2QITGKAUEPD56:38F71OA9GUE2HODJ2UDSDSSLASTMF0,669087,blur
30,104,A2QITGKAUEPD56:38F71OA9GUE2HODJ2UDSDSSLASTMF0,673841,focus
31,106,A2QITGKAUEPD56:38F71OA9GUE2HODJ2UDSDSSLASTMF0,678973,blur
32,106,A2QITGKAUEPD56:38F71OA9GUE2HODJ2UDSDSSLASTMF0,686231,focus
33,112,A2QITGKAUEPD56:38F71OA9GUE2HODJ2UDSDSSLASTMF0,712631,blur
34,112,A2QITGKAUEPD56:38F71OA9GUE2HODJ2UDSDSSLASTMF0,750143,focus
35,136,A2QITGKAUEPD56:38F71OA9GUE2HODJ2UDSDSSLASTMF0,849834,blur
36,136,A2QITGKAUEPD56:38F71OA9GUE2HODJ2UDSDSSLASTMF0,855150,focus
37,144,A2QITGKAUEPD56:38F71OA9GUE2HODJ2UDSDSSLASTMF0,932599,blur
38,144,A2QITGKAUEPD56:38F71OA9GUE2HODJ2UDSDSSLASTMF0,938509,focus
39,146,A2QITGKAUEPD56:38F71OA9GUE2HODJ2UDSDSSLASTMF0,958381,blur
40,146,A2QITGKAUEPD56:38F71OA9GUE2HODJ2UDSDSSLASTMF0,962051,focus
41,148,A2QITGKAUEPD56:38F71OA9GUE2HODJ2UDSDSSLASTMF0,977934,blur
42,148,A2QITGKAUEPD56:38F71OA9GUE2HODJ2UDSDSSLASTMF0,996215,focus
43,150,A2QITGKAUEPD56:38F71OA9GUE2HODJ2UDSDSSLASTMF0,1017264,blur
44,150,A2QITGKAUEPD56:38F71OA9GUE2HODJ2UDSDSSLASTMF0,1022127,focus
45,153,A2QITGKAUEPD56:38F71OA9GUE2HODJ2UDSDSSLASTMF0,1034393,blur
46,153,A2QITGKAUEPD56:38F71OA9GUE2HODJ2UDSDSSLASTMF0,1038552,focus
47,155,A2QITGKAUEPD56:38F71OA9GUE2HODJ2UDSDSSLASTMF0,1048007,blur
48,155,A2QITGKAUEPD56:38F71OA9GUE2HODJ2UDSDSSLASTMF0,1055391,focus
49,157,A2QITGKAUEPD56:38F71OA9GUE2HODJ2UDSDSSLASTMF0,1063716,blur
50,157,A2QITGKAUEPD56:38F71OA9GUE2HODJ2UDSDSSLASTMF0,1075879,focus
51,158,A2QITGKAUEPD56:38F71OA9GUE2HODJ2UDSDSSLASTMF0,1081203,blur
52,158,A2QITGKAUEPD56:38F71OA9GUE2HODJ2UDSDSSLASTMF0,1086486,focus
53,160,A2QITGKAUEPD56:38F71OA9GUE2HODJ2UDSDSSLASTMF0,1100775,blur
54,160,A2QITGKAUEPD56:38F71OA9GUE2HODJ2UDSDSSLASTMF0,1105263,focus
55,160,A2QITGKAUEPD56:38F71OA9GUE2HODJ2UDSDSSLASTMF0,1113548,blur
56,160,A2QITGKAUEPD56:38F71OA9GUE2HODJ2UDSDSSLASTMF0,1143124,focus
57,161,A2QITGKAUEPD56:38F71OA9GUE2HODJ2UDSDSSLASTMF0,1145453,blur
58,161,A2QITGKAUEPD56:38F71OA9GUE2HODJ2UDSDSSLASTMF0,1149824,focus
59,163,A2QITGKAUEPD56:38F71OA9GUE2HODJ2UDSDSSLASTMF0,1160205,blur
60,163,A2QITGKAUEPD56:38F71OA9GUE2HODJ2UDSDSSLASTMF0,1164102,focus
61,168,A2QITGKAUEPD56:38F71OA9GUE2HODJ2UDSDSSLASTMF0,1188148,blur
62,168,A2QITGKAUEPD56:38F71OA9GUE2HODJ2UDSDSSLASTMF0,1205196,focus
63,171,A2QITGKAUEPD56:38F71OA9GUE2HODJ2UDSDSSLASTMF0,1224579,blur
64,171,A2QITGKAUEPD56:38F71OA9GUE2HODJ2UDSDSSLASTMF0,1248716,focus
65,174,A2QITGKAUEPD56:38F71OA9GUE2HODJ2UDSDSSLASTMF0,1256468,blur
66,174,A2QITGKAUEPD56:38F71OA9GUE2HODJ2UDSDSSLASTMF0,1259448,focus
67,179,A2QITGKAUEPD56:38F71OA9GUE2HODJ2UDSDSSLASTMF0,1287211,blur
68,179,A2QITGKAUEPD56:38F71OA9GUE2HODJ2UDSDSSLASTMF0,1292285,focus
69,180,A2QITGKAUEPD56:38F71OA9GUE2HODJ2UDSDSSLASTMF0,1305963,blur
70,180,A2QITGKAUEPD56:38F71OA9GUE2HODJ2UDSDSSLASTMF0,1335924,focus
71,183,A2QITGKAUEPD56:38F71OA9GUE2HODJ2UDSDSSLASTMF0,1347097,blur
72,183,A2QITGKAUEPD56:38F71OA9GUE2HODJ2UDSDSSLASTMF0,1352824,focus
73,184,A2QITGKAUEPD56:38F71OA9GUE2HODJ2UDSDSSLASTMF0,1355460,blur
74,184,A2QITGKAUEPD56:38F71OA9GUE2HODJ2UDSDSSLASTMF0,1371506,focus
75,184,A2QITGKAUEPD56:38F71OA9GUE2HODJ2UDSDSSLASTMF0,1372589,blur
76,184,A2QITGKAUEPD56:38F71OA9GUE2HODJ2UDSDSSLASTMF0,1373532,focus
77,190,A2QITGKAUEPD56:38F71OA9GUE2HODJ2UDSDSSLASTMF0,1399953,blur
78,190,A2QITGKAUEPD56:38F71OA9GUE2HODJ2UDSDSSLASTMF0,1423829,focus
79,194,A2QITGKAUEPD56:38F71OA9GUE2HODJ2UDSDSSLASTMF0,1450936,blur
80,194,A2QITGKAUEPD56:38F71OA9GUE2HODJ2UDSDSSLASTMF0,1464122,focus
81,206,A2QITGKAUEPD56:38F71OA9GUE2HODJ2UDSDSSLASTMF0,1526970,blur
82,206,A2QITGKAUEPD56:38F71OA9GUE2HODJ2UDSDSSLASTMF0,1542879,focus
83,210,A2QITGKAUEPD56:38F71OA9GUE2HODJ2UDSDSSLASTMF0,1569189,blur
84,210,A2QITGKAUEPD56:38F71OA9GUE2HODJ2UDSDSSLASTMF0,1575138,focus
85,218,A2QITGKAUEPD56:38F71OA9GUE2HODJ2UDSDSSLASTMF0,1617056,blur
86,218,A2QITGKAUEPD56:38F71OA9GUE2HODJ2UDSDSSLASTMF0,1621652,focus
87,220,A2QITGKAUEPD56:38F71OA9GUE2HODJ2UDSDSSLASTMF0,1626358,blur
88,220,A2QITGKAUEPD56:38F71OA9GUE2HODJ2UDSDSSLASTMF0,1636499,focus
89,222,A2QITGKAUEPD56:38F71OA9GUE2HODJ2UDSDSSLASTMF0,1644862,blur
90,222,A2QITGKAUEPD56:38F71OA9GUE2HODJ2UDSDSSLASTMF0,1660520,focus
91,224,A2QITGKAUEPD56:38F71OA9GUE2HODJ2UDSDSSLASTMF0,1666519,blur
92,224,A2QITGKAUEPD56:38F71OA9GUE2HODJ2UDSDSSLASTMF0,1669887,focus
93,225,A2QITGKAUEPD56:38F71OA9GUE2HODJ2UDSDSSLASTMF0,1674550,blur
94,225,A2QITGKAUEPD56:38F71OA9GUE2HODJ2UDSDSSLASTMF0,1678216,focus
95,226,A2QITGKAUEPD56:38F71OA9GUE2HODJ2UDSDSSLASTMF0,1684100,blur
96,226,A2QITGKAUEPD56:38F71OA9GUE2HODJ2UDSDSSLASTMF0,1691574,focus
97,231,A2QITGKAUEPD56:38F71OA9GUE2HODJ2UDSDSSLASTMF0,1711144,blur
98,231,A2QITGKAUEPD56:38F71OA9GUE2HODJ2UDSDSSLASTMF0,1735266,focus
1,3,A2QJZJDCGK0FKR:3TMSXRD2X7I7WLDPZX4UXOQI4Y2W13,29573,fullscreenenter
2,259,A2QJZJDCGK0FKR:3TMSXRD2X7I7WLDPZX4UXOQI4Y2W13,2094365,fullscreenexit
1,3,A2R3TUR4L6KDH:32EYX73OY1RIXMN12R48LRNYQBMURS,20936,fullscreenenter
2,49,A2R3TUR4L6KDH:32EYX73OY1RIXMN12R48LRNYQBMURS,290666,fullscreenexit
1,3,A2R40R4O6G0YBY:37M28K1J0RVHKPQQOHE8JZPD9RIJAV,20053,fullscreenenter
1,3,A2T3CUOWE8D4OE:3FTYUGLFSV37BXEHJP1G8QEEAQ65DB,27612,fullscreenenter
2,175,A2T3CUOWE8D4OE:3FTYUGLFSV37BXEHJP1G8QEEAQ65DB,300675,fullscreenexit
3,175,A2T3CUOWE8D4OE:3FTYUGLFSV37BXEHJP1G8QEEAQ65DB,301711,blur
4,175,A2T3CUOWE8D4OE:3FTYUGLFSV37BXEHJP1G8QEEAQ65DB,445551,focus
1,3,A2UA3QR3EUAT9K:3VP0C6EFSHE6YVK811AOJMF8H326MD,268475,focus
2,3,A2UA3QR3EUAT9K:3VP0C6EFSHE6YVK811AOJMF8H326MD,270994,fullscreenexit
1,3,A2UDE1QUHS1A2E:3HRMW88U178BKKYTZCU7AL5H1210MS,19827,fullscreenenter
2,64,A2UDE1QUHS1A2E:3HRMW88U178BKKYTZCU7AL5H1210MS,131942,fullscreenexit
3,64,A2UDE1QUHS1A2E:3HRMW88U178BKKYTZCU7AL5H1210MS,133862,blur
4,64,A2UDE1QUHS1A2E:3HRMW88U178BKKYTZCU7AL5H1210MS,146325,focus
5,67,A2UDE1QUHS1A2E:3HRMW88U178BKKYTZCU7AL5H1210MS,161893,blur
6,67,A2UDE1QUHS1A2E:3HRMW88U178BKKYTZCU7AL5H1210MS,173125,focus
7,102,A2UDE1QUHS1A2E:3HRMW88U178BKKYTZCU7AL5H1210MS,295413,blur
8,102,A2UDE1QUHS1A2E:3HRMW88U178BKKYTZCU7AL5H1210MS,296882,focus
9,108,A2UDE1QUHS1A2E:3HRMW88U178BKKYTZCU7AL5H1210MS,337425,blur
10,108,A2UDE1QUHS1A2E:3HRMW88U178BKKYTZCU7AL5H1210MS,337504,focus
1,0,A2V3JF5LEL7L7U:33PPUNGG39NZJLHB8E3G2J2DQKDZRE,0,blur
2,0,A2V3JF5LEL7L7U:33PPUNGG39NZJLHB8E3G2J2DQKDZRE,6411,focus
3,3,A2V3JF5LEL7L7U:33PPUNGG39NZJLHB8E3G2J2DQKDZRE,26885,fullscreenenter
4,34,A2V3JF5LEL7L7U:33PPUNGG39NZJLHB8E3G2J2DQKDZRE,343689,blur
5,34,A2V3JF5LEL7L7U:33PPUNGG39NZJLHB8E3G2J2DQKDZRE,347832,focus
6,69,A2V3JF5LEL7L7U:33PPUNGG39NZJLHB8E3G2J2DQKDZRE,467168,fullscreenexit
7,70,A2V3JF5LEL7L7U:33PPUNGG39NZJLHB8E3G2J2DQKDZRE,470923,blur
8,70,A2V3JF5LEL7L7U:33PPUNGG39NZJLHB8E3G2J2DQKDZRE,474381,focus
9,72,A2V3JF5LEL7L7U:33PPUNGG39NZJLHB8E3G2J2DQKDZRE,483642,blur
10,72,A2V3JF5LEL7L7U:33PPUNGG39NZJLHB8E3G2J2DQKDZRE,501838,focus
11,73,A2V3JF5LEL7L7U:33PPUNGG39NZJLHB8E3G2J2DQKDZRE,506748,blur
12,73,A2V3JF5LEL7L7U:33PPUNGG39NZJLHB8E3G2J2DQKDZRE,509059,focus
13,81,A2V3JF5LEL7L7U:33PPUNGG39NZJLHB8E3G2J2DQKDZRE,557111,blur
14,81,A2V3JF5LEL7L7U:33PPUNGG39NZJLHB8E3G2J2DQKDZRE,557112,focus
1,3,A2VF6506WDNXKS:3M81GAB8A113PMZVPLYDBBL52XZQBB,21782,fullscreenenter
1,1,A2XHD64QUKA5Z6:3H0W84IWBLK18QQFCRP3H91V1RIRE3,11077,blur
2,3,A2XHD64QUKA5Z6:3H0W84IWBLK18QQFCRP3H91V1RIRE3,19198,focus
3,3,A2XHD64QUKA5Z6:3H0W84IWBLK18QQFCRP3H91V1RIRE3,19360,fullscreenenter
1,3,A2XTK2B7R27RBG:3MH9DQ757XUR8WENMGAWMN9RMVWUG1,29751,fullscreenenter
2,101,A2XTK2B7R27RBG:3MH9DQ757XUR8WENMGAWMN9RMVWUG1,598183,fullscreenexit
3,101,A2XTK2B7R27RBG:3MH9DQ757XUR8WENMGAWMN9RMVWUG1,601072,blur
4,101,A2XTK2B7R27RBG:3MH9DQ757XUR8WENMGAWMN9RMVWUG1,657017,focus
1,3,A2ZX7580NVWA6I:3II4UPYCOKPW4JXF3HPJ61958HIQDQ,18042,fullscreenenter
1,3,A32IRN8APZMCQ2:3UJ1CZ6IZI7DDMXZGFW53P0EDEUS5E,18991,fullscreenenter
1,3,A32W24TWSWXW:3Z2R0DQ0JIWK469UX1A2G1TNSNME2A,21963,fullscreenenter
1,3,A33M7EZ72P8TWF:36AHBNMV1SU5DLO1UR6DJNC7609YDU,18968,fullscreenenter
1,3,A348JMXKNRTXW1:3LEIZ60CDKHTFLLPEX3UBY2JMYH9ZD,26803,fullscreenenter
1,3,A37XJVQF62ZYC:31EUONYN2WLFDOKLFPX9NIKCTNCOVN,27000,fullscreenenter
1,2,A387RCGCQOV3SY:3HHRAGRYX9NHGH7ICOSDV0VF2VKO9Y,20042,blur
2,3,A387RCGCQOV3SY:3HHRAGRYX9NHGH7ICOSDV0VF2VKO9Y,24529,focus
3,3,A387RCGCQOV3SY:3HHRAGRYX9NHGH7ICOSDV0VF2VKO9Y,32945,blur
4,3,A387RCGCQOV3SY:3HHRAGRYX9NHGH7ICOSDV0VF2VKO9Y,69780,focus
5,3,A387RCGCQOV3SY:3HHRAGRYX9NHGH7ICOSDV0VF2VKO9Y,72632,fullscreenenter
6,260,A387RCGCQOV3SY:3HHRAGRYX9NHGH7ICOSDV0VF2VKO9Y,1555690,blur
7,260,A387RCGCQOV3SY:3HHRAGRYX9NHGH7ICOSDV0VF2VKO9Y,1557269,focus
8,260,A387RCGCQOV3SY:3HHRAGRYX9NHGH7ICOSDV0VF2VKO9Y,1558141,blur
9,260,A387RCGCQOV3SY:3HHRAGRYX9NHGH7ICOSDV0VF2VKO9Y,1559862,focus
10,260,A387RCGCQOV3SY:3HHRAGRYX9NHGH7ICOSDV0VF2VKO9Y,1560623,blur
11,260,A387RCGCQOV3SY:3HHRAGRYX9NHGH7ICOSDV0VF2VKO9Y,1571230,focus
12,260,A387RCGCQOV3SY:3HHRAGRYX9NHGH7ICOSDV0VF2VKO9Y,1572663,blur
13,260,A387RCGCQOV3SY:3HHRAGRYX9NHGH7ICOSDV0VF2VKO9Y,1573203,focus
14,260,A387RCGCQOV3SY:3HHRAGRYX9NHGH7ICOSDV0VF2VKO9Y,1577205,blur
15,260,A387RCGCQOV3SY:3HHRAGRYX9NHGH7ICOSDV0VF2VKO9Y,1578034,focus
16,260,A387RCGCQOV3SY:3HHRAGRYX9NHGH7ICOSDV0VF2VKO9Y,1675372,blur
17,260,A387RCGCQOV3SY:3HHRAGRYX9NHGH7ICOSDV0VF2VKO9Y,1676078,focus
1,3,A38HYUTYWWREGH:386CSBG1O04XJAI0TUH50VZDOAG6QQ,27747,fullscreenenter
2,4,A38HYUTYWWREGH:386CSBG1O04XJAI0TUH50VZDOAG6QQ,30103,fullscreenexit
3,162,A38HYUTYWWREGH:386CSBG1O04XJAI0TUH50VZDOAG6QQ,923169,blur
4,162,A38HYUTYWWREGH:386CSBG1O04XJAI0TUH50VZDOAG6QQ,929523,focus
1,0,A3963FCT1PKKOH:3EJJQNKU9SNDS0HH2SX92CY8UK8RH8,0,blur
2,0,A3963FCT1PKKOH:3EJJQNKU9SNDS0HH2SX92CY8UK8RH8,1276,focus
1,3,A39ZJ6GDHFZRJW:3VAR3R6G1QJH2CO87WMZV404IP3O8A,20374,fullscreenenter
2,148,A39ZJ6GDHFZRJW:3VAR3R6G1QJH2CO87WMZV404IP3O8A,2316759,blur
3,148,A39ZJ6GDHFZRJW:3VAR3R6G1QJH2CO87WMZV404IP3O8A,2316815,focus
4,148,A39ZJ6GDHFZRJW:3VAR3R6G1QJH2CO87WMZV404IP3O8A,2317085,blur
5,148,A39ZJ6GDHFZRJW:3VAR3R6G1QJH2CO87WMZV404IP3O8A,2317520,focus
1,3,A3AGU4FBSDDVYS:3BF51CHDTWSPS6XI8FEUIGXLLL8H0H,27659,fullscreenenter
1,3,A3C31Q12GIH1JE:3E4GGUZ1T99NQ614TNL5EW6SAJKK2Y,23153,fullscreenenter
2,4,A3C31Q12GIH1JE:3E4GGUZ1T99NQ614TNL5EW6SAJKK2Y,29796,fullscreenexit
3,97,A3C31Q12GIH1JE:3E4GGUZ1T99NQ614TNL5EW6SAJKK2Y,226142,blur
4,97,A3C31Q12GIH1JE:3E4GGUZ1T99NQ614TNL5EW6SAJKK2Y,236714,focus
1,3,A3CUCMYK88L67N:37W3JXSD67Q4MROSBMB3BB1SCDNYW4,22866,blur
2,3,A3CUCMYK88L67N:37W3JXSD67Q4MROSBMB3BB1SCDNYW4,707534,focus
3,3,A3CUCMYK88L67N:37W3JXSD67Q4MROSBMB3BB1SCDNYW4,708578,fullscreenenter
4,103,A3CUCMYK88L67N:37W3JXSD67Q4MROSBMB3BB1SCDNYW4,2486874,blur
5,103,A3CUCMYK88L67N:37W3JXSD67Q4MROSBMB3BB1SCDNYW4,2508949,focus
1,3,A3DCMX6ZGD7Y6T:3R8YZBNQ9I0GNAW5C4MX69Z9M6G7QF,21370,fullscreenenter
2,35,A3DCMX6ZGD7Y6T:3R8YZBNQ9I0GNAW5C4MX69Z9M6G7QF,207331,blur
3,35,A3DCMX6ZGD7Y6T:3R8YZBNQ9I0GNAW5C4MX69Z9M6G7QF,223718,focus
4,38,A3DCMX6ZGD7Y6T:3R8YZBNQ9I0GNAW5C4MX69Z9M6G7QF,236052,blur
5,38,A3DCMX6ZGD7Y6T:3R8YZBNQ9I0GNAW5C4MX69Z9M6G7QF,242091,focus
6,39,A3DCMX6ZGD7Y6T:3R8YZBNQ9I0GNAW5C4MX69Z9M6G7QF,247882,fullscreenexit
7,39,A3DCMX6ZGD7Y6T:3R8YZBNQ9I0GNAW5C4MX69Z9M6G7QF,251733,blur
8,39,A3DCMX6ZGD7Y6T:3R8YZBNQ9I0GNAW5C4MX69Z9M6G7QF,278045,focus
9,40,A3DCMX6ZGD7Y6T:3R8YZBNQ9I0GNAW5C4MX69Z9M6G7QF,286865,blur
10,40,A3DCMX6ZGD7Y6T:3R8YZBNQ9I0GNAW5C4MX69Z9M6G7QF,288654,focus
11,52,A3DCMX6ZGD7Y6T:3R8YZBNQ9I0GNAW5C4MX69Z9M6G7QF,344819,blur
12,52,A3DCMX6ZGD7Y6T:3R8YZBNQ9I0GNAW5C4MX69Z9M6G7QF,375788,focus
13,79,A3DCMX6ZGD7Y6T:3R8YZBNQ9I0GNAW5C4MX69Z9M6G7QF,476389,blur
14,79,A3DCMX6ZGD7Y6T:3R8YZBNQ9I0GNAW5C4MX69Z9M6G7QF,504897,focus
15,101,A3DCMX6ZGD7Y6T:3R8YZBNQ9I0GNAW5C4MX69Z9M6G7QF,593716,blur
16,101,A3DCMX6ZGD7Y6T:3R8YZBNQ9I0GNAW5C4MX69Z9M6G7QF,739957,focus
17,114,A3DCMX6ZGD7Y6T:3R8YZBNQ9I0GNAW5C4MX69Z9M6G7QF,801243,blur
18,114,A3DCMX6ZGD7Y6T:3R8YZBNQ9I0GNAW5C4MX69Z9M6G7QF,865875,focus
19,241,A3DCMX6ZGD7Y6T:3R8YZBNQ9I0GNAW5C4MX69Z9M6G7QF,1317606,blur
20,241,A3DCMX6ZGD7Y6T:3R8YZBNQ9I0GNAW5C4MX69Z9M6G7QF,1323183,focus
1,3,A3FUTSFH39MJA5:3U8YCDAGXQY25ZWLR51ORUPMCHN0QX,20639,fullscreenenter
1,3,A3GJHPDF1JJG6:37M28K1J0RVHKPQQOHE8JZPD6LBAJ0,18813,fullscreenenter
1,3,A3H742JJ9Q8DZW:32SCWG5HIIMCJYHLTH2G0Q93MZUP6R,27509,fullscreenenter
1,3,A3J8Y94SGZ3R0E:3HSYG7LRBKGI7M5UITR9ESSMR9PKKJ,48775,fullscreenenter
1,3,A3JLE2LJ5I17E2:3BGYGHDBBY2S9QXE4HF1E0KYT0A224,18027,fullscreenenter
2,105,A3JLE2LJ5I17E2:3BGYGHDBBY2S9QXE4HF1E0KYT0A224,1214045,fullscreenexit
3,105,A3JLE2LJ5I17E2:3BGYGHDBBY2S9QXE4HF1E0KYT0A224,1222070,blur
4,105,A3JLE2LJ5I17E2:3BGYGHDBBY2S9QXE4HF1E0KYT0A224,1235176,focus
1,3,A3K2DJJV5DWBFD:30JNVC0ORA2DGZ2HPD89XMO300PQHV,49471,fullscreenenter
1,3,A3KWM8WSJMGI45:37W3JXSD67Q4MROSBMB3BB1SE68WYB,28924,blur
2,3,A3KWM8WSJMGI45:37W3JXSD67Q4MROSBMB3BB1SE68WYB,31123,focus
3,3,A3KWM8WSJMGI45:37W3JXSD67Q4MROSBMB3BB1SE68WYB,37441,fullscreenenter
1,3,A3KX7XHORQC0TP:3PM8NZGV8ZYA2P2WUHQV08CXOZRQXP,26765,fullscreenenter
1,3,A3M877E9CGI09C:3JAOYWH7VJM9AW4LZWCL3JRL56TL9M,33882,fullscreenenter
1,3,A3NK3VPYRHZBW8:369J354OFES66LOMQYCT6HVBILRG6L,27986,fullscreenenter
1,4,A3NMQ3019X6YE0:3YDGXNSEO0CDYJEQOC7QH6UZZ4R84I,26642,fullscreenenter
2,211,A3NMQ3019X6YE0:3YDGXNSEO0CDYJEQOC7QH6UZZ4R84I,941467,blur
3,211,A3NMQ3019X6YE0:3YDGXNSEO0CDYJEQOC7QH6UZZ4R84I,1011722,focus
1,3,A3NMU6AVMQ0QDB:33PPO7FECWXJNL9WQ9KAXZIJH79DII,21498,fullscreenenter
2,19,A3NMU6AVMQ0QDB:33PPO7FECWXJNL9WQ9KAXZIJH79DII,237120,blur
3,19,A3NMU6AVMQ0QDB:33PPO7FECWXJNL9WQ9KAXZIJH79DII,274830,focus
1,0,A3P1S5BG8KQFUX:3WQQ9FUS6BCXJIZZ3RHDPK059ZEB83,1219,blur
2,2,A3P1S5BG8KQFUX:3WQQ9FUS6BCXJIZZ3RHDPK059ZEB83,12615,focus
3,2,A3P1S5BG8KQFUX:3WQQ9FUS6BCXJIZZ3RHDPK059ZEB83,15189,blur
4,3,A3P1S5BG8KQFUX:3WQQ9FUS6BCXJIZZ3RHDPK059ZEB83,16343,focus
5,3,A3P1S5BG8KQFUX:3WQQ9FUS6BCXJIZZ3RHDPK059ZEB83,22593,fullscreenenter
6,71,A3P1S5BG8KQFUX:3WQQ9FUS6BCXJIZZ3RHDPK059ZEB83,230484,blur
7,71,A3P1S5BG8KQFUX:3WQQ9FUS6BCXJIZZ3RHDPK059ZEB83,231298,focus
8,72,A3P1S5BG8KQFUX:3WQQ9FUS6BCXJIZZ3RHDPK059ZEB83,233889,blur
9,72,A3P1S5BG8KQFUX:3WQQ9FUS6BCXJIZZ3RHDPK059ZEB83,235667,focus
10,101,A3P1S5BG8KQFUX:3WQQ9FUS6BCXJIZZ3RHDPK059ZEB83,296944,blur
11,101,A3P1S5BG8KQFUX:3WQQ9FUS6BCXJIZZ3RHDPK059ZEB83,312329,focus
12,101,A3P1S5BG8KQFUX:3WQQ9FUS6BCXJIZZ3RHDPK059ZEB83,404226,blur
13,101,A3P1S5BG8KQFUX:3WQQ9FUS6BCXJIZZ3RHDPK059ZEB83,405039,focus
14,152,A3P1S5BG8KQFUX:3WQQ9FUS6BCXJIZZ3RHDPK059ZEB83,525802,blur
15,152,A3P1S5BG8KQFUX:3WQQ9FUS6BCXJIZZ3RHDPK059ZEB83,571344,focus
1,3,A3PSY76FRTWBBI:3WETL7AQWUQ9T5CKQ0V4VHS2L8335P,22151,blur
2,3,A3PSY76FRTWBBI:3WETL7AQWUQ9T5CKQ0V4VHS2L8335P,22167,focus
3,3,A3PSY76FRTWBBI:3WETL7AQWUQ9T5CKQ0V4VHS2L8335P,22697,fullscreenexit
1,3,A3THR2UWGQNVX4:3X4MXAO0BH6VPQC6XRJ93F8V6CXWRU,19744,fullscreenenter
1,3,A3UF57FNNCJPN3:3HVVDCPGTFACUAKYGH6SORUT8RHYT6,27232,fullscreenenter
1,3,A3ZWMVK6GNTJ8:3VAR3R6G1QJH2CO87WMZV404IP3O8A,32371,fullscreenenter
2,60,A3ZWMVK6GNTJ8:3VAR3R6G1QJH2CO87WMZV404IP3O8A,570487,fullscreenexit
3,76,A3ZWMVK6GNTJ8:3VAR3R6G1QJH2CO87WMZV404IP3O8A,668650,blur
4,76,A3ZWMVK6GNTJ8:3VAR3R6G1QJH2CO87WMZV404IP3O8A,705885,focus
1,3,A55CXM7QR7R0N:34S9DKFK747EZXFEJLKGFSO1K9ENYE,31903,fullscreenenter
1,3,A77K8W55MJEKX:3R3YRB5GRGLQY51K0GIMQ1YOQZGAU2,21191,fullscreenenter
1,3,A7KDJOFZ52BRW:3NS0A6KXC5Q8UV8XS3943FO6OBWGZT,22093,fullscreenenter
1,3,A9HVP2MLUH38A:3IHR8NYAM8JY4BD7AT913SPPPM1P4A,22940,fullscreenenter
1,3,A9YY444ESHD5H:3M68NM076IPXVBX069655L9ILG6R65,27912,fullscreenenter
1,2,AAE6DGZOC9EWQ:317HQ483I8AS9X09F3YDT4UDVB2NI1,10759,blur
2,2,AAE6DGZOC9EWQ:317HQ483I8AS9X09F3YDT4UDVB2NI1,10821,focus
3,3,AAE6DGZOC9EWQ:317HQ483I8AS9X09F3YDT4UDVB2NI1,28077,fullscreenenter
1,3,AAOZG7J3B1UPZ:3IFS6Q0HJJ1PPASENZFZSY4JILTSIN,37156,fullscreenenter
2,191,AAOZG7J3B1UPZ:3IFS6Q0HJJ1PPASENZFZSY4JILTSIN,1208839,fullscreenexit
3,191,AAOZG7J3B1UPZ:3IFS6Q0HJJ1PPASENZFZSY4JILTSIN,1210414,blur
4,191,AAOZG7J3B1UPZ:3IFS6Q0HJJ1PPASENZFZSY4JILTSIN,1252410,focus
1,3,ABL3H3O3BI8ZD:3JC6VJ2SAC19DQB5ZFAEIP68MBGA5U,18781,fullscreenenter
1,3,ADIAEAPYRI8CK:3OSWBBLG1FFGDGYRPVKB095Y38KXDJ,27179,fullscreenenter
1,3,AKNLD4GWEGW4U:3NG53N1RLW1ZNC09MWZEK45US5C8PA,24106,fullscreenenter
1,3,AKWIRTRUXO6R5:35LDD5557BMDXA5X354PT5KQIO8MK0,25221,fullscreenenter
1,3,AM2KK02JXXW48:3SKEMFQBZ4NYCL3T94U6ONJVVTJK8R,26110,fullscreenenter
1,3,AMRCYLXE4S5KM:3K4J6M3CXFB7TN0PGBT5MMXXFHDAGS,18982,fullscreenenter
1,3,AN098C29EGJ6:3IOEN3P9S81926YJ8FRQZUR5GUS61R,18679,fullscreenenter
1,1,AN6L87Z4LP6R5:3S4AW7T80C08DQY9I1GUMBG5LY04L0,10400,blur
2,2,AN6L87Z4LP6R5:3S4AW7T80C08DQY9I1GUMBG5LY04L0,30558,focus
3,2,AN6L87Z4LP6R5:3S4AW7T80C08DQY9I1GUMBG5LY04L0,33999,blur
4,3,AN6L87Z4LP6R5:3S4AW7T80C08DQY9I1GUMBG5LY04L0,178967,focus
5,3,AN6L87Z4LP6R5:3S4AW7T80C08DQY9I1GUMBG5LY04L0,181805,fullscreenenter
1,3,AONJLTBODD2WN:31QTRG6Q2UVE2IRRZ0X8JHTWIAVYP7,37707,fullscreenenter
1,3,AOVNUOP2R11FM:308XBLVESJM31NEV20NDG1VAZ78RBX,24911,fullscreenenter
1,3,APF1EAZT104LQ:358UUM7WR0LGZBB5PJBXBZ9EISI7RG,37519,fullscreenenter
1,0,AQ9Y6WD8O72ZC:3R5F3LQFV32WM8PVGMMC8OX8HX1ZOF,0,blur
2,0,AQ9Y6WD8O72ZC:3R5F3LQFV32WM8PVGMMC8OX8HX1ZOF,26621,focus
3,3,AQ9Y6WD8O72ZC:3R5F3LQFV32WM8PVGMMC8OX8HX1ZOF,46783,fullscreenenter
1,0,AS4XSO7ISRJYO:3R3YRB5GRGLQY51K0GIMQ1YOOGZAUH,0,blur
2,0,AS4XSO7ISRJYO:3R3YRB5GRGLQY51K0GIMQ1YOOGZAUH,0,focus
3,3,AS4XSO7ISRJYO:3R3YRB5GRGLQY51K0GIMQ1YOOGZAUH,20612,fullscreenenter
4,5,AS4XSO7ISRJYO:3R3YRB5GRGLQY51K0GIMQ1YOOGZAUH,31150,blur
5,5,AS4XSO7ISRJYO:3R3YRB5GRGLQY51K0GIMQ1YOOGZAUH,47843,focus
6,18,AS4XSO7ISRJYO:3R3YRB5GRGLQY51K0GIMQ1YOOGZAUH,120669,blur
7,18,AS4XSO7ISRJYO:3R3YRB5GRGLQY51K0GIMQ1YOOGZAUH,126324,focus
8,234,AS4XSO7ISRJYO:3R3YRB5GRGLQY51K0GIMQ1YOOGZAUH,704771,blur
9,234,AS4XSO7ISRJYO:3R3YRB5GRGLQY51K0GIMQ1YOOGZAUH,705834,focus
10,234,AS4XSO7ISRJYO:3R3YRB5GRGLQY51K0GIMQ1YOOGZAUH,705972,blur
11,234,AS4XSO7ISRJYO:3R3YRB5GRGLQY51K0GIMQ1YOOGZAUH,713433,focus
1,3,AT13EK8JER5C3:3LJ7UR74RIVY1Q1UUEW9Z3KUMRNN40,26739,fullscreenenter
2,4,AT13EK8JER5C3:3LJ7UR74RIVY1Q1UUEW9Z3KUMRNN40,29262,fullscreenexit
1,0,ATP43ZVI1RP0C:3ZAK8W07I5WUXS328ELT1VMBHDC0U9,0,blur
2,0,ATP43ZVI1RP0C:3ZAK8W07I5WUXS328ELT1VMBHDC0U9,4273,focus
3,3,ATP43ZVI1RP0C:3ZAK8W07I5WUXS328ELT1VMBHDC0U9,22895,fullscreenenter
1,3,ATPAMEYV22WR9:3BF51CHDTWSPS6XI8FEUIGXLNFY0HG,28282,fullscreenenter
1,3,AU2C0Q45DVGJO:3NAPMVF0ZXXZVRUKATWWAR1660G27A,18860,fullscreenexit
1,3,AXNPHDXV1GK6Y:3DEL4X4EL73JBRTILR7PDUFZN89YX1,25229,fullscreenenter
1,0,AXOAJZBYQYPN7:3D3VGR7TA1XYYSAIN787YIXYCZ6R3M,0,blur
2,0,AXOAJZBYQYPN7:3D3VGR7TA1XYYSAIN787YIXYCZ6R3M,0,focus
3,3,AXOAJZBYQYPN7:3D3VGR7TA1XYYSAIN787YIXYCZ6R3M,40043,fullscreenenter
1,0,AXZXC1CV3NO13:33FBRBDW6PHGTNR5HRD8046NTADC8S,0,blur
2,0,AXZXC1CV3NO13:33FBRBDW6PHGTNR5HRD8046NTADC8S,0,focus
3,3,AXZXC1CV3NO13:33FBRBDW6PHGTNR5HRD8046NTADC8S,22520,fullscreenenter
4,140,AXZXC1CV3NO13:33FBRBDW6PHGTNR5HRD8046NTADC8S,430813,fullscreenexit
5,141,AXZXC1CV3NO13:33FBRBDW6PHGTNR5HRD8046NTADC8S,436476,blur
6,141,AXZXC1CV3NO13:33FBRBDW6PHGTNR5HRD8046NTADC8S,447860,focus
7,171,AXZXC1CV3NO13:33FBRBDW6PHGTNR5HRD8046NTADC8S,622627,blur
8,171,AXZXC1CV3NO13:33FBRBDW6PHGTNR5HRD8046NTADC8S,1114852,focus
9,273,AXZXC1CV3NO13:33FBRBDW6PHGTNR5HRD8046NTADC8S,1728201,blur
10,273,AXZXC1CV3NO13:33FBRBDW6PHGTNR5HRD8046NTADC8S,1744850,focus
1,0,AYW62R027PUT1:3SUWZRL0MZV8M7SVK3M56EAZ8S8E6B,0,blur
2,0,AYW62R027PUT1:3SUWZRL0MZV8M7SVK3M56EAZ8S8E6B,0,focus
3,3,AYW62R027PUT1:3SUWZRL0MZV8M7SVK3M56EAZ8S8E6B,27565,fullscreenenter
1,0,AZHUSPCYLCBIL:3UJ1CZ6IZI7DDMXZGFW53P0EDZMS5C,1024,blur
2,0,AZHUSPCYLCBIL:3UJ1CZ6IZI7DDMXZGFW53P0EDZMS5C,2823,focus
3,3,AZHUSPCYLCBIL:3UJ1CZ6IZI7DDMXZGFW53P0EDZMS5C,18780,fullscreenenter
